{"cameraMode":{"drawMode":0,"name":"Shaded","section":"Shading Mode"},"sceneLighting":true,"audioPlay":false,"sceneViewState":{"showFog":true,"showMaterialUpdate":false,"showSkybox":true,"showFlares":true,"showImageEffects":true,"showParticleSystems":true},"in2DMode":false,"pivot":{"x":-0.7103288173675537,"y":0.28526341915130618,"z":0.0021395087242126467},"rotation":{"x":-0.0921410471200943,"y":0.4302946627140045,"z":-0.04407058283686638,"w":-0.89696204662323},"size":8.257893562316895,"orthographic":false}