{"cameraMode":{"drawMode":0,"name":"Shaded","section":"Shading Mode"},"sceneLighting":true,"audioPlay":false,"sceneViewState":{"showFog":true,"showMaterialUpdate":false,"showSkybox":true,"showFlares":true,"showImageEffects":true,"showParticleSystems":true},"in2DMode":false,"pivot":{"x":0.350105881690979,"y":0.6542986631393433,"z":0.4543333053588867},"rotation":{"x":-0.015355234034359455,"y":0.9847684502601624,"z":-0.12354083359241486,"w":-0.12174540758132935},"size":2.6018831729888918,"orthographic":false}