{"count":1,"gauges":{"robot brain.CumulativeReward":{"count":4632,"max":1,"min":1,"value":1,"weightedAverage":1}},"self":223.6155648,"total":358.3177172,"children":{"AgentSendState":{"count":513284,"self":2.4797464,"total":3.4439566,"children":{"CollectObservations":{"count":51329,"self":0.17148259999999999,"total":0.17148259999999999,"children":null},"CollectDiscreteActionMasks":{"count":51329,"self":0.0508247,"total":0.0508247,"children":null},"AgentInfo.ToProto":{"count":51329,"self":0.3016812,"total":0.7419028,"children":{"GenerateSensorData":{"count":51329,"self":0.4402216,"total":0.4402216,"children":null}}}}},"DecideAction":{"count":513284,"self":129.2495616,"total":129.2495569,"children":null},"AgentAct":{"count":513284,"self":1.9279562,"total":2.0076484999999997,"children":{"AgentInfo.ToProto":{"count":4632,"self":0.0318803,"total":0.0796923,"children":{"GenerateSensorData":{"count":4632,"self":0.047812,"total":0.047812,"children":null}}}}}}}